metric,mean,median
tracking_presence_rate,1.0,1.0
mae_range_m,0.06754315337164636,0.0640478115260745
dropout_rate,0.0,0.0
extra_track_rate,0.6666666666666666,1.0
tid_switch_count,0.0,0.0
tracking_score,87.51438731741992,83.44450061539068
