segment_id,start_time_s,end_time_s,duration_s,frames
standing_1m,4.063,10.969,6.906,112
leanback_1m,228.641,235.579,6.938000000000017,124
leanback_4m,474.938,476.985,2.0470000000000255,38
