segment_id,start_time_s,end_time_s,duration_s,frames
upright_5m,1156.032,1156.078,0.047000000000025466,2
leanforward_4m,1403.516,1403.594,0.07799999999997453,2
